{"_timestamp": 1719912238.41908, "_runtime": 24.232903003692627, "_step": 9, "inception_score": 1.0765043989671192, "inception_score_std": 0.008376344719092663, "train_loss": 1.81815505027771, "epoch": 0, "trainer/global_step": 0, "val_loss": 1.1218111515045166, "_wandb": {"runtime": 37}}