{"_timestamp": 1719830341.0896928, "_runtime": 6.247195720672607, "_step": 2, "_wandb": {"runtime": 6}}