{"_timestamp": 1719831544.34657, "_runtime": 15.721130132675171, "_step": 10, "inception_score": 1.4212475397789985, "inception_score_std": 0.02003556341699621, "train_loss": 1.5804157257080078, "epoch": 0, "trainer/global_step": 1, "val_loss": 1.1609420776367188, "_wandb": {"runtime": 18}}