{"_timestamp": 1719831442.146614, "_runtime": 6.769335031509399, "_step": 2, "_wandb": {"runtime": 7}}