{"_timestamp": 1719829324.066178, "_runtime": 13.953185081481934, "_step": 6, "val_loss": 1.0740654468536377, "epoch": 0, "trainer/global_step": 1, "_wandb": {"runtime": 15}}