{"_timestamp": 1719912198.104668, "_runtime": 65.8240659236908, "_step": 29, "inception_score": 1.0671589724397779, "inception_score_std": 0.007119256129126496, "train_loss": 1.476650595664978, "epoch": 0, "trainer/global_step": 0, "val_loss": 1.3404746055603027}