{"_timestamp": 1719782031.3584409, "_runtime": 10.957963943481445, "_step": 6, "val/loss": 1.091605544090271, "epoch": 0, "trainer/global_step": 1, "_wandb": {"runtime": 11}}