{"_timestamp": 1719830681.568634, "_runtime": 6.05912709236145, "_step": 2, "_wandb": {"runtime": 6}}