{"_timestamp": 1719826402.9637241, "_runtime": 13.901510238647461, "_step": 6, "val/loss": 1.0970933437347412, "epoch": 0, "trainer/global_step": 1, "_wandb": {"runtime": 15}}