{"_timestamp": 1719781724.0505888, "_runtime": 43.058448791503906, "_step": 512, "val/loss": 1.1746989488601685, "epoch": 0, "trainer/global_step": 1, "_wandb": {"runtime": 44}}