{"_timestamp": 1719830396.806051, "_runtime": 6.154473066329956, "_step": 2, "_wandb": {"runtime": 8}}