{"train/loss": 0.046083349734544754, "epoch": 9, "trainer/global_step": 3909, "_timestamp": 1719671135.0613928, "_runtime": 2972.424690723419, "_step": 400, "val/loss": 0.03668074682354927}