{"train/loss": 0.03748153895139694, "epoch": 1, "trainer/global_step": 669, "_timestamp": 1719668673.841633, "_runtime": 511.2049310207367, "_step": 67, "val/loss": 0.06543709337711334}